,Image Name,Acc,F1,Jaccard,Recall,Precision
0,ISIC_0014600.jpg,0.8432769775390625,0.3650077279752705,0.22324737200332753,1.0,0.22324737200332753
1,ISIC_0000115.jpg,0.952880859375,0.8814132104454684,0.7879703378192804,0.8116557040809109,0.9642887152340139
2,ISIC_0014410.jpg,0.935302734375,0.0,0.0,0.0,0.0
3,ISIC_0012338.jpg,0.98406982421875,0.8186240444753302,0.6929411764705883,1.0,0.6929411764705883
4,ISIC_0010061.jpg,0.993011474609375,0.9582116788321168,0.9197757926081626,0.9231715893108298,0.9960166919575114
5,ISIC_0014823.jpg,0.983978271484375,0.9122220364487543,0.8386105133722718,1.0,0.8386105133722718
6,ISIC_0014077.jpg,0.844757080078125,0.7145982944344704,0.5559338309109162,0.5562494541007948,0.9989803921568627
7,ISIC_0014707.jpg,0.605316162109375,0.34460041554755994,0.208167513622727,1.0,0.208167513622727
8,ISIC_0014586.jpg,0.8929595947265625,0.805263304000222,0.6740090152888145,0.9934927049797931,0.6769977595220313
9,ISIC_0015243.jpg,0.7956390380859375,0.8219465826453423,0.6977158849817181,0.7127409388545606,0.9706722768235626
10,ISIC_0013034.jpg,0.8126983642578125,0.44434385043682956,0.2856311470639586,1.0,0.2856311470639586
11,ISIC_0015485.jpg,0.96630859375,0.9722012388578335,0.9459062178450683,0.9533568730092101,0.9918055948007912
12,ISIC_0014458.jpg,0.973052978515625,0.6659099508134696,0.499149177538287,1.0,0.499149177538287
13,ISIC_0013674.jpg,0.96697998046875,0.9221246581258097,0.8555021367521367,0.8997822880820282,0.9456048416857332
14,ISIC_0014955.jpg,0.9736328125,0.9008492081707598,0.819586552516183,0.9901614530776993,0.8263157894736842
15,ISIC_0000549.jpg,0.894927978515625,0.8914838628340898,0.8042136987859316,0.8152941515579512,0.983381427528422
16,ISIC_0013213.jpg,0.9843292236328125,0.8638833664678596,0.7603826411572562,0.9144219977553311,0.8186385330319015
17,ISIC_0014136.jpg,0.70928955078125,0.28278873663604875,0.16467905997895474,1.0,0.16467905997895474
18,ISIC_0015476.jpg,0.9776763916015625,0.9450103364029317,0.8957531708707425,0.9043884892086331,0.9894529712711531
19,ISIC_0000320.jpg,0.9741973876953125,0.9638574817791267,0.9302363958909196,0.9574115748800476,0.9703907729385436
20,ISIC_0007760.jpg,0.9703216552734375,0.8326017729580859,0.7132114420524919,1.0,0.7132114420524919
21,ISIC_0010073.jpg,0.853485107421875,0.6631586332701888,0.49606381862076204,0.49606381862076204,1.0
22,ISIC_0010595.jpg,0.9186553955078125,0.8871244362573842,0.7971461187214612,0.7971461187214612,1.0
23,ISIC_0013995.jpg,0.7271575927734375,0.24287589448278785,0.1382235288447636,1.0,0.1382235288447636
24,ISIC_0014273.jpg,0.9680938720703125,0.8752758723531165,0.7782138311412813,0.977224294086308,0.792589391811602
25,ISIC_0000046.jpg,0.882171630859375,0.8159324942791762,0.6890928856142046,0.6893704434688042,0.9994160583941606
26,ISIC_0000376.jpg,0.92913818359375,0.819369894982497,0.6940106740462542,0.6940106740462542,1.0
27,ISIC_0015293.jpg,0.9842529296875,0.9298913043478261,0.8689690198070086,0.9064900662251656,0.9545327754532775
28,ISIC_0013134.jpg,0.9667205810546875,0.6599095587088726,0.49243658366302073,0.8769167012018234,0.529
29,ISIC_0012670.jpg,0.8000030517578125,0.2153846153846154,0.1206896551724138,0.9819868995633187,0.12095743965575204
30,ISIC_0000099.jpg,0.9168853759765625,0.8957970654066153,0.8112612612612613,0.8969123505976095,0.8946845504222554
31,ISIC_0015638.jpg,0.8949737548828125,0.7984657277545164,0.6645384540403548,0.9685324619974428,0.6792029887920299
32,ISIC_0015130.jpg,0.9532928466796875,0.9324595662055118,0.8734653383489728,1.0,0.8734653383489728
33,ISIC_0014832.jpg,0.9018707275390625,0.8445905125540708,0.7309880364761985,0.9997139588100686,0.731140956445337
34,ISIC_0016025.jpg,0.9348602294921875,0.8308972073677955,0.7107135596665989,0.7107135596665989,1.0
35,ISIC_0012902.jpg,0.9140777587890625,0.6355103890219432,0.4657495256166983,0.46935653504159097,0.9837675350701403
36,ISIC_0010216.jpg,0.9881439208984375,0.947425400906692,0.9001028542041656,0.9232493735988395,0.9729016120066704
37,ISIC_0012988.jpg,0.9966583251953125,0.9419560031804931,0.8902805611222445,0.947228144989339,0.9367422245651028
38,ISIC_0013200.jpg,0.985748291015625,0.8465330266184686,0.7339031339031339,1.0,0.7339031339031339
39,ISIC_0014957.jpg,0.950286865234375,0.9232798003108369,0.8574927827836585,0.8592969229420532,0.9975575005088541
40,ISIC_0012708.jpg,0.9864959716796875,0.9034791144072417,0.8239506664014322,0.9734430082256169,0.8428978428978429
41,ISIC_0014846.jpg,0.98638916015625,0.9876611519946882,0.9756230870135548,0.9966499162479062,0.9788330774292608
42,ISIC_0014936.jpg,0.9771270751953125,0.943631782799985,0.8932792254022498,0.935226595110316,0.952189420960765
43,ISIC_0009533.jpg,0.97003173828125,0.8021756647864625,0.6696939118735284,0.9997489329651017,0.6698065601345669
44,ISIC_0009800.jpg,0.97308349609375,0.7944055944055943,0.6589327146171694,0.9516894722144652,0.6817363472694539
45,ISIC_0013378.jpg,0.99371337890625,0.8932642487046633,0.8071161048689138,0.8071161048689138,1.0
46,ISIC_0013967.jpg,0.9839935302734375,0.8904667432390102,0.8025597590814982,1.0,0.8025597590814982
47,ISIC_0000244.jpg,0.95965576171875,0.9332862333467905,0.8749172107105686,0.9841945612261189,0.8873854421572861
48,ISIC_0012721.jpg,0.981109619140625,0.9269874970511913,0.8639111795097285,0.9993641912512716,0.8643862736471624
49,ISIC_0013685.jpg,0.802734375,0.7172600822325256,0.5591625179022028,0.5739586979348967,0.9559286463798531
50,ISIC_0013275.jpg,0.99554443359375,0.8777219430485762,0.7820895522388059,1.0,0.7820895522388059
51,ISIC_0013783.jpg,0.9304046630859375,0.8956603298789834,0.8110369971413183,0.8554822357208408,0.9397983677388382
52,ISIC_0000113.jpg,0.97021484375,0.9214297214619224,0.8543066129273026,0.9684406464167865,0.8787715930902111
53,ISIC_0015233.jpg,0.8138427734375,0.7260397017874786,0.5699076359021363,0.9895329619881251,0.5733640716439085
54,ISIC_0013891.jpg,0.5980072021484375,0.05257668932283238,0.02699807947998227,1.0,0.02699807947998227
55,ISIC_0014768.jpg,0.2890625,0.2487584650112867,0.1420469193091003,1.0,0.1420469193091003
56,ISIC_0010194.jpg,0.91485595703125,0.7959034381858083,0.660996354799514,0.746023038946791,0.8529319535904673
57,ISIC_0000495.jpg,0.9906158447265625,0.9773054356249308,0.9556180991556614,0.973604881993971,0.9810342272929323
58,ISIC_0012664.jpg,0.976654052734375,0.8586996675286295,0.7523871176565787,0.9950770547945206,0.7551981806367771
59,ISIC_0001367.jpg,0.9876708984375,0.9028379028379028,0.8228846996931171,0.9131598151301387,0.8927467300832342
60,ISIC_0014219.jpg,0.8895721435546875,0.5805853375833091,0.40903152049648867,0.4138643311575642,0.9722437888198758
61,ISIC_0012316.jpg,0.99859619140625,0.9616666666666667,0.9261637239165329,0.9713804713804713,0.9521452145214522
62,ISIC_0014818.jpg,0.891632080078125,0.8942336331685232,0.8087003367003367,0.9946660482374768,0.8122227031706525
63,ISIC_0015018.jpg,0.423797607421875,0.3732240074359315,0.2294255688195082,1.0,0.2294255688195082
64,ISIC_0015998.jpg,0.9608306884765625,0.5810347641586421,0.4094778007821486,0.9774848984074684,0.41337668369716674
65,ISIC_0001299.jpg,0.9846954345703125,0.8678001845261633,0.7664726426076833,0.816468253968254,0.9260196905766526
66,ISIC_0012678.jpg,0.93804931640625,0.6819178940770918,0.5173561578697099,1.0,0.5173561578697099
67,ISIC_0012400.jpg,0.9892578125,0.9611178614823814,0.9251461988304094,0.9733750978856696,0.9491654848914585
68,ISIC_0012108.jpg,0.9593048095703125,0.7457820989419502,0.5946192430460556,1.0,0.5946192430460556
69,ISIC_0010206.jpg,0.9871063232421875,0.9243577119326829,0.8593541944074568,0.8593541944074568,1.0
70,ISIC_0000319.jpg,0.848052978515625,0.6699589022935172,0.5037129329678545,0.991660125588697,0.5058558558558559
71,ISIC_0010382.jpg,0.4577178955078125,0.5268343341011065,0.35762056250451885,0.35762056250451885,1.0
72,ISIC_0000511.jpg,0.923187255859375,0.927030787963124,0.8639863824268461,0.9667734913532471,0.8904265983515259
73,ISIC_0000426.jpg,0.8925323486328125,0.8962693491612295,0.8120362957032292,0.8271802957807742,0.9779513386687236
74,ISIC_0013910.jpg,0.98541259765625,0.6566091954022989,0.48877005347593583,0.7961672473867596,0.558679706601467
75,ISIC_0013403.jpg,0.984893798828125,0.8315753657706703,0.7117064647641235,1.0,0.7117064647641235
76,ISIC_0015984.jpg,0.83807373046875,0.13639322916666666,0.07318777292576419,0.12464673508850216,0.15058400718778078
77,ISIC_0014966.jpg,0.811737060546875,0.7916371128449353,0.6551319320214669,0.9754859116826903,0.6660982749310825
78,ISIC_0012320.jpg,0.9918670654296875,0.9115646258503401,0.8375,0.9996360989810772,0.8377554132357427
79,ISIC_0012481.jpg,0.9927520751953125,0.2096505823627288,0.1171003717472119,0.1267605633802817,0.6057692307692307
80,ISIC_0014069.jpg,0.98272705078125,0.7953723788864787,0.6602641056422569,0.7182500816193275,0.8910490076954233
81,ISIC_0016065.jpg,0.99249267578125,0.49486652977412726,0.32878581173260574,0.3347222222222222,0.9488188976377953
82,ISIC_0000185.jpg,0.953155517578125,0.9220812182741117,0.8554273604897574,1.0,0.8554273604897574
83,ISIC_0000171.jpg,0.9733428955078125,0.9669772980738333,0.9360658737419945,0.9529451212696993,0.9814289003146344
84,ISIC_0016012.jpg,0.960174560546875,0.5778065351019088,0.4062784349408553,1.0,0.4062784349408553
85,ISIC_0012944.jpg,0.9635009765625,0.7906895344767239,0.65383502170767,0.9995575221238938,0.6540243196294152
86,ISIC_0015216.jpg,0.8155059814453125,0.8821987743450347,0.7892268805020483,0.7897638069985696,0.999139319841988
87,ISIC_0000336.jpg,0.904632568359375,0.7393661384487071,0.5865034733708236,0.9978613237280505,0.587241653418124
88,ISIC_0000051.jpg,0.9770050048828125,0.9609636057505505,0.9248603909054647,0.9916069710253395,0.932157394843962
89,ISIC_0000097.jpg,0.9270782470703125,0.8693083928131922,0.7688289072703526,1.0,0.7688289072703526
90,ISIC_0009928.jpg,0.944427490234375,0.952228547443532,0.9088132198297446,0.9152294503277861,0.9923451254852643
91,ISIC_0000147.jpg,0.8221435546875,0.78578254796736,0.6471514197493492,0.6687521506553633,0.9524615727333482
92,ISIC_0014969.jpg,0.9567413330078125,0.9246110889509374,0.8597922848664689,0.8613684784224347,0.997876248421536
93,ISIC_0014812.jpg,0.9783477783203125,0.8716882177412063,0.7725597050809424,1.0,0.7725597050809424
94,ISIC_0015989.jpg,0.9857177734375,0.7742402315484804,0.6316410861865407,0.8887043189368771,0.6858974358974359
95,ISIC_0012109.jpg,0.9960784912109375,0.916368369671331,0.8456456456456456,1.0,0.8456456456456456
96,ISIC_0014181.jpg,0.7972869873046875,0.7169972093815904,0.5588430630271635,0.5588987413237687,0.9998217680608364
97,ISIC_0010248.jpg,0.9069366455078125,0.8411015293228773,0.7257767186727215,0.7257767186727215,1.0
98,ISIC_0000409.jpg,0.9937591552734375,0.9642763560136256,0.9310170349131388,0.9460154241645244,0.9832561453509084
99,ISIC_0015044.jpg,0.7568817138671875,0.6648577017732064,0.49796767180262785,1.0,0.49796767180262785
100,ISIC_0013621.jpg,0.6368255615234375,0.46595014248210553,0.3037385911537561,0.3037385911537561,1.0
101,ISIC_0015455.jpg,0.914337158203125,0.8554582904222451,0.7474243037746885,0.7475251979841613,0.9998194511314396
102,ISIC_0013739.jpg,0.9525146484375,0.7329213868863713,0.5784340287185045,0.9282608695652174,0.6055019852524106
103,ISIC_0000506.jpg,0.99114990234375,0.9580136093817866,0.9194108656384604,0.9944394349263601,0.9241620111731843
104,ISIC_0012658.jpg,0.977325439453125,0.8972479601714839,0.8136443441183847,1.0,0.8136443441183847
105,ISIC_0012932.jpg,0.8686676025390625,0.6973735100734854,0.5353595335780609,0.8670222066794894,0.5832500147032876
106,ISIC_0008029.jpg,0.9851837158203125,0.8853194756111964,0.7942360669633397,0.9910100475938657,0.8
107,ISIC_0009994.jpg,0.9690093994140625,0.9143291011093769,0.8421788794778149,0.9949508858900211,0.8457936631808959
108,ISIC_0010319.jpg,0.9585113525390625,0.9582405430725991,0.919828984225269,0.9663589616504553,0.9502573943769228
109,ISIC_0015113.jpg,0.975677490234375,0.9448595544485955,0.8954822634581339,0.9994877049180327,0.8958934662818158
110,ISIC_0000227.jpg,0.98828125,0.9651953231215445,0.9327318910396777,0.9959783015338571,0.9362581325830842
111,ISIC_0011084.jpg,0.928863525390625,0.8769661142193602,0.7808901630869014,0.917600927817971,0.8397776092999747
112,ISIC_0011202.jpg,0.880950927734375,0.5768062486439575,0.4052900373504078,0.4413913332226465,0.8320813771517996
113,ISIC_0014949.jpg,0.9327850341796875,0.9131489185512334,0.8401785066395763,0.9951439621830683,0.8436372909759918
114,ISIC_0013691.jpg,0.9451904296875,0.7969244685662595,0.662406015037594,1.0,0.662406015037594
115,ISIC_0013898.jpg,0.9846954345703125,0.8625839156048773,0.7583714767525898,1.0,0.7583714767525898
116,ISIC_0007322.jpg,0.9356689453125,0.6669826224328593,0.5003555344868452,0.9917782475922011,0.5024396049030109
117,ISIC_0015443.jpg,0.9308929443359375,0.906504820296856,0.8289975457806306,1.0,0.8289975457806306
118,ISIC_0015244.jpg,0.8858184814453125,0.8557771995759853,0.7479113327044873,0.9933777797664325,0.7516589924160346
119,ISIC_0010225.jpg,0.98114013671875,0.9324368645457528,0.8734254992319509,0.9896727779067069,0.8814592806945019
120,ISIC_0015631.jpg,0.981201171875,0.9603705609881626,0.9237623762376238,0.9859322369724589,0.936100834012667
121,ISIC_0012904.jpg,0.9510040283203125,0.7809237906802211,0.6405865233937765,0.8160558961927848,0.7486917844060701
122,ISIC_0014746.jpg,0.89117431640625,0.9129925582530194,0.8399138066485601,0.9842960858585859,0.8513218364653956
123,ISIC_0009998.jpg,0.9443817138671875,0.8741063102269194,0.7763666482606295,0.7769386627371523,0.9990525817148271
124,ISIC_0010262.jpg,0.9852447509765625,0.9355805742455532,0.8789585680310427,0.9939136588818117,0.8837150767681853
125,ISIC_0014891.jpg,0.9127349853515625,0.9136507073726804,0.8410284920083392,0.8687263121626277,0.9634748272458046
126,ISIC_0009921.jpg,0.7147979736328125,0.7180632023531186,0.560139317063987,0.560139317063987,1.0
127,ISIC_0000385.jpg,0.990875244140625,0.9745510256192016,0.9503652058432935,0.9909987882984248,0.9586403215003348
128,ISIC_0000184.jpg,0.7960052490234375,0.8003524334333886,0.6671563013494,1.0,0.6671563013494
129,ISIC_0014331.jpg,0.88958740234375,0.7962837837837838,0.6615211900084199,0.6659132645853935,0.9901281243436253
130,ISIC_0013488.jpg,0.986480712890625,0.9036328040026105,0.8242063492063492,0.9085739282589677,0.898745131977499
131,ISIC_0014702.jpg,0.3318634033203125,0.21420239398453064,0.11994774394533213,1.0,0.11994774394533213
132,ISIC_0011357.jpg,0.9835052490234375,0.9314825378715853,0.8717522837821806,0.8740335434756751,0.9970149253731343
133,ISIC_0010344.jpg,0.9844207763671875,0.9656518082422204,0.9335848565667079,0.9855789039967038,0.9465145419771813
134,ISIC_0010231.jpg,0.7720794677734375,0.7208715639190476,0.5635646457268079,0.5635646457268079,1.0
135,ISIC_0014643.jpg,0.947235107421875,0.7641522302550812,0.6183222958057395,0.6252232142857143,0.9824622939319537
136,ISIC_0013311.jpg,0.9957733154296875,0.9416964849505367,0.8898170246618934,0.981140350877193,0.9053014973694861
137,ISIC_0012156.jpg,0.9947662353515625,0.8767517067912326,0.780550223928343,1.0,0.780550223928343
138,ISIC_0013031.jpg,0.98101806640625,0.8304715181248297,0.7100908879049173,0.8363985726049958,0.8246278755074425
139,ISIC_0014289.jpg,0.9663238525390625,0.9558007730358681,0.915343306482547,0.9997905144963969,0.9155188950700173
140,ISIC_0012777.jpg,0.9987640380859375,0.9363707776904949,0.880354505169867,0.8922155688622755,0.9851239669421488
141,ISIC_0000548.jpg,0.9691162109375,0.9332233586275157,0.8748067050163915,0.9763893683120469,0.8937124802527646
142,ISIC_0000383.jpg,0.965423583984375,0.9351645207439198,0.8782244196044712,0.8820640146812759,0.9950678925896609
143,ISIC_0000329.jpg,0.994232177734375,0.980796586059744,0.9623168178646196,0.985502807554875,0.9761350996056224
144,ISIC_0014610.jpg,0.9832611083984375,0.8137204958397012,0.6859433152018323,1.0,0.6859433152018323
145,ISIC_0014163.jpg,0.955535888671875,0.9368115187787319,0.8811339995920865,0.9645025897481693,0.9106661045531197
146,ISIC_0014308.jpg,0.8846588134765625,0.5733957898301258,0.40193053247883537,1.0,0.40193053247883537
147,ISIC_0000150.jpg,0.9598541259765625,0.9379115044247788,0.8830822556992401,0.9405973398968145,0.9352409638554217
148,ISIC_0000063.jpg,0.94378662109375,0.9301346482078513,0.8693941220264474,0.8693941220264474,1.0
149,ISIC_0014740.jpg,0.911102294921875,0.923531264766105,0.8579266954422415,0.9763821047957372,0.876108178105389
150,ISIC_0015144.jpg,0.980682373046875,0.9117524048515265,0.8378170637970792,1.0,0.8378170637970792
151,ISIC_0000247.jpg,0.98583984375,0.9427231206023948,0.891652072387624,0.985546522131888,0.9034662250088726
152,ISIC_0015203.jpg,0.929412841796875,0.9504774547167387,0.9056284297925294,0.9144522720718494,0.9894574956537244
153,ISIC_0000234.jpg,0.928466796875,0.9082188026156075,0.8318688806799842,0.8318688806799842,1.0
154,ISIC_0010182.jpg,0.9938812255859375,0.9259190836874193,0.8620571035431717,0.9149324571011318,0.93717277486911
155,ISIC_0000006.jpg,0.9897613525390625,0.9439572371168463,0.8938627016766846,0.9539162727886563,0.9342040006612663
156,ISIC_0013394.jpg,0.9828338623046875,0.7594611930724824,0.6122026887280249,1.0,0.6122026887280249
157,ISIC_0000458.jpg,0.9654388427734375,0.9254517328769378,0.8612472433227151,0.864743510886948,0.9953274336283185
158,ISIC_0011372.jpg,0.9376678466796875,0.5699547320770607,0.39855712603062426,0.9992617201919527,0.39867452135493375
159,ISIC_0014529.jpg,0.99798583984375,0.8788990825688073,0.7839607201309329,0.9979166666666667,0.7852459016393443
160,ISIC_0010201.jpg,0.9674835205078125,0.9671562658939937,0.9364013489718567,0.938698578908003,0.9973933498633099
161,ISIC_0015170.jpg,0.5836334228515625,0.6041173995676585,0.43278524954788283,1.0,0.43278524954788283
162,ISIC_0000294.jpg,0.8553466796875,0.890740612682387,0.8030048001994888,0.8030048001994888,1.0
163,ISIC_0012358.jpg,0.989013671875,0.9272580319256415,0.8643812394047843,0.9930750919714347,0.8696228917945803
164,ISIC_0013833.jpg,0.7302093505859375,0.8237943852585632,0.7003829729546532,0.7007154482571545,0.999323001039677
165,ISIC_0014072.jpg,0.6481475830078125,0.5667637388445279,0.39544334329610403,0.3957338510783439,0.9981470451988618
166,ISIC_0001212.jpg,0.9825897216796875,0.9208573212180066,0.8533230492351201,0.9575879976918639,0.8868403473613894
167,ISIC_0000255.jpg,0.98468017578125,0.9625652498135718,0.9278320874065555,0.9905609699946282,0.9361084922764522
168,ISIC_0010380.jpg,0.95501708984375,0.8476958049183716,0.7356527977044476,0.9980535279805353,0.7367097701149425
169,ISIC_0011358.jpg,0.97216796875,0.9432518200485347,0.8925984808337749,0.9225292112950341,0.9649267982176958
170,ISIC_0012945.jpg,0.971343994140625,0.283206106870229,0.16496220542463316,1.0,0.16496220542463316
171,ISIC_0000483.jpg,0.97540283203125,0.9621009075092868,0.926969600869841,0.9988771724272603,0.927936507936508
172,ISIC_0013517.jpg,0.9948577880859375,0.8315842078960519,0.7117194183062446,1.0,0.7117194183062446
173,ISIC_0013554.jpg,0.9668731689453125,0.5283510753856181,0.3590197815175672,1.0,0.3590197815175672
174,ISIC_0013559.jpg,0.9858551025390625,0.8703315148971885,0.7704309063893017,0.9996786632390745,0.7706217488233837
175,ISIC_0012669.jpg,0.9817352294921875,0.5124236252545824,0.34446878422782035,0.34446878422782035,1.0
176,ISIC_0010018.jpg,0.9947967529296875,0.981022872725249,0.9627525942108137,0.9883381924198251,0.9738150480609877
177,ISIC_0010220.jpg,0.9918060302734375,0.943096322983999,0.8923200320834169,0.9072375127420998,0.9819064430714917
178,ISIC_0010263.jpg,0.9956512451171875,0.9351830793722994,0.8782571550619394,0.8962510897994769,0.9776509747979077
179,ISIC_0011121.jpg,0.6384429931640625,0.7622058306989814,0.6157775255391601,0.6157775255391601,1.0
180,ISIC_0012464.jpg,0.97210693359375,0.0,0.0,0.0,0.0
181,ISIC_0015960.jpg,0.99261474609375,0.9437862950058071,0.8935561908950956,0.9118043087971275,0.9780934039480019
182,ISIC_0012435.jpg,0.9857025146484375,0.8754155032575455,0.778434618113029,1.0,0.778434618113029
183,ISIC_0000360.jpg,0.555999755859375,0.2672743755036261,0.15425083563435546,1.0,0.15425083563435546
184,ISIC_0001186.jpg,0.99603271484375,0.9349674837418709,0.8778769375293565,0.9202363367799113,0.9501779359430605
185,ISIC_0014958.jpg,0.927276611328125,0.885816962146622,0.7950371995011396,0.7959614225437011,0.9985416441611753
186,ISIC_0003805.jpg,0.9908294677734375,0.8286284573709725,0.7074001947419669,1.0,0.7074001947419669
187,ISIC_0015436.jpg,0.9376068115234375,0.8946161181412852,0.809326183259501,0.8111038414805122,0.9972993162098489
188,ISIC_0012702.jpg,0.91241455078125,0.20166898470097358,0.11214230471771075,0.9931506849315068,0.11222910216718267
189,ISIC_0000001.jpg,0.9769287109375,0.857250755287009,0.7501652346331791,1.0,0.7501652346331791
190,ISIC_0013775.jpg,0.9810638427734375,0.8304876383007787,0.7101144592384957,1.0,0.7101144592384957
191,ISIC_0000052.jpg,0.9307098388671875,0.9403465444083916,0.8874095011405335,0.8874315043019018,0.9999720607957086
192,ISIC_0010498.jpg,0.9028167724609375,0.7754152121019783,0.6332066344160332,0.6332066344160332,1.0
193,ISIC_0009933.jpg,0.975982666015625,0.9345584566771994,0.8771560134238664,0.8790082903175348,0.9976034084857092
194,ISIC_0015160.jpg,0.890655517578125,0.868044046698339,0.7668532014575742,0.9997879109225875,0.7669779701278839
195,ISIC_0006940.jpg,0.9642333984375,0.7759510609826037,0.6339215992503514,1.0,0.6339215992503514
196,ISIC_0012844.jpg,0.9776458740234375,0.8674088152774007,0.7658622342975867,1.0,0.7658622342975867
197,ISIC_0014133.jpg,0.9410400390625,0.942470893011345,0.8912009010277347,0.947861763296598,0.937140996032451
198,ISIC_0000364.jpg,0.9001312255859375,0.9032134037235852,0.8235087908531982,0.9987572358308533,0.8243535064514388
199,ISIC_0014546.jpg,0.4181365966796875,0.0,0.0,0.0,0.0
200,ISIC_0014930.jpg,0.9827728271484375,0.9478256851055963,0.9008257203092059,0.9999024960998439,0.9009048581217605
201,ISIC_0000253.jpg,0.974700927734375,0.8857969417275107,0.7950049455984174,1.0,0.7950049455984174
202,ISIC_0010494.jpg,0.938232421875,0.9134376871097426,0.8406675588443675,0.9922415795586528,0.8462300408098578
203,ISIC_0010184.jpg,0.9764862060546875,0.8760955214279971,0.7795106596079554,0.8915071183112421,0.8612077141953841
204,ISIC_0014513.jpg,0.97247314453125,0.8048041549448173,0.6733659243164947,0.6738539590505527,0.9989255976363148
205,ISIC_0014507.jpg,0.974395751953125,0.8301275561854626,0.7095880927656628,1.0,0.7095880927656628
206,ISIC_0015963.jpg,0.995330810546875,0.9297520661157025,0.8687258687258688,0.9187840290381125,0.9409851301115242
207,ISIC_0000531.jpg,0.8397216796875,0.6960999884272654,0.5338599449720423,1.0,0.5338599449720423
208,ISIC_0013166.jpg,0.9843902587890625,0.9387535173322158,0.884576328556922,0.975609756097561,0.9045805930541133
209,ISIC_0013592.jpg,0.99481201171875,0.8234683281412253,0.6999117387466902,0.9962311557788944,0.7017699115044248
210,ISIC_0012813.jpg,0.61199951171875,0.09437994159128145,0.049527155832990694,0.04956977179199402,0.9829376854599406
211,ISIC_0014640.jpg,0.982208251953125,0.9478393128746534,0.9008503401360545,0.9998112495281238,0.9010035720360605
212,ISIC_0014092.jpg,0.99395751953125,0.8598726114649681,0.7541899441340782,0.94921875,0.7858990944372575
213,ISIC_0014080.jpg,0.9804229736328125,0.8355760604895552,0.7175874972485142,0.9890776699029126,0.7233192811182605
214,ISIC_0014729.jpg,0.6901092529296875,0.6277334799743378,0.4574428296644582,0.45763844344665383,0.9990664566194061
215,ISIC_0009583.jpg,0.992523193359375,0.9156916724019271,0.8444938114884164,0.8501597444089457,0.9921700223713646
216,ISIC_0001185.jpg,0.9905548095703125,0.8720810084728249,0.7731769879076584,0.7743119266055046,0.9981078524124882
217,ISIC_0015150.jpg,0.9251861572265625,0.8926875177832739,0.8061748893105629,0.9346012832263978,0.8543717792953203
218,ISIC_0012965.jpg,0.9954986572265625,0.6424242424242425,0.4732142857142857,0.4732142857142857,1.0
219,ISIC_0014486.jpg,0.978729248046875,0.8242118537200505,0.700986700986701,1.0,0.700986700986701
220,ISIC_0000510.jpg,0.969635009765625,0.9462539836871388,0.897990567972114,0.8998356276967331,0.9977218362000227
221,ISIC_0012855.jpg,0.993438720703125,0.9222704266088214,0.8557531029855753,0.9996081504702194,0.8560402684563758
222,ISIC_0013594.jpg,0.6944732666015625,0.6037952391317253,0.4324546485260771,0.4324546485260771,1.0
223,ISIC_0014150.jpg,0.9788818359375,0.8818306010928962,0.788637751985339,1.0,0.788637751985339
224,ISIC_0000043.jpg,0.9616851806640625,0.9531013615733737,0.9104046242774566,0.9523365183636907,0.9538674342966093
225,ISIC_0015526.jpg,0.9818572998046875,0.9220991941295944,0.8554583029418915,0.9992899744390799,0.855978591412237
226,ISIC_0000350.jpg,0.9854278564453125,0.9622425176926422,0.9272325510515087,0.9831152043948942,0.9422377080913666
227,ISIC_0015537.jpg,0.830047607421875,0.8464147821290678,0.7337254058189294,0.9697611223458038,0.7509052652182423
228,ISIC_0014093.jpg,0.9940948486328125,0.9159609120521173,0.8449519230769231,0.9985795454545454,0.8459687123947052
229,ISIC_0000342.jpg,0.9618072509765625,0.8953376541919299,0.8105079869785752,0.9752231736199672,0.8275488907783876
230,ISIC_0009981.jpg,0.993011474609375,0.9508055853920514,0.9062244062244063,0.9751046486010134,0.9276881156990149
231,ISIC_0002829.jpg,0.9880218505859375,0.9318280503690838,0.8723577235772357,0.9677128427128427,0.8985094624016078
232,ISIC_0011336.jpg,0.9798126220703125,0.9685456836499369,0.9390097731882722,0.9665464553478219,0.9705531995997523
233,ISIC_0013801.jpg,0.9853668212890625,0.9500702868745771,0.9048894178319944,0.9703286185260024,0.930640554875561
234,ISIC_0011347.jpg,0.445587158203125,0.4580735614354324,0.29707873863416523,0.29707873863416523,1.0
235,ISIC_0015056.jpg,0.9083251953125,0.9181850369038864,0.848744996349538,0.9880715123094959,0.8575316681080531
236,ISIC_0015057.jpg,0.865264892578125,0.8220834172879308,0.6979131029763941,0.9280742459396751,0.7378205360049188
237,ISIC_0010317.jpg,0.9829254150390625,0.8803336541546359,0.7862464183381089,1.0,0.7862464183381089
238,ISIC_0010222.jpg,0.7333221435546875,0.8118750067275917,0.6833245755494755,0.6833245755494755,1.0
239,ISIC_0015950.jpg,0.9924774169921875,0.8801944106925881,0.7860243055555556,0.9950549450549451,0.7891067538126362
240,ISIC_0015996.jpg,0.9696807861328125,0.738380513495721,0.5852640367355458,1.0,0.5852640367355458
241,ISIC_0010240.jpg,0.9425811767578125,0.8613230145568453,0.7564243640365073,0.9661044973544973,0.7770463461666334
242,ISIC_0009904.jpg,0.9542388916015625,0.9473573346907966,0.8999799893276414,0.9001000667111407,0.9998517914705991
243,ISIC_0010339.jpg,0.984771728515625,0.9311534216335541,0.8711759390731896,0.8854631330359486,0.9818155368053535
244,ISIC_0014473.jpg,0.9526824951171875,0.7839777081156392,0.6447066911090742,0.6940915258418651,0.9006081946222791
245,ISIC_0013897.jpg,0.991546630859375,0.8758960573476703,0.7791948983658828,0.973605577689243,0.7960097719869706
246,ISIC_0015019.jpg,0.9327239990234375,0.93078166946638,0.8705253575309077,0.9484865937160043,0.9137256110717258
247,ISIC_0010025.jpg,0.9840545654296875,0.948917241042186,0.9027997395591107,0.9084612504679895,0.9931443773662131
248,ISIC_0000211.jpg,0.99322509765625,0.9755668060752807,0.9522990975504942,0.9626411815812337,0.9888442659526997
249,ISIC_0010176.jpg,0.9843292236328125,0.9106878859031219,0.8360210761615839,0.9996181748759069,0.8362881328861205
250,ISIC_0001142.jpg,0.9454193115234375,0.9414096411197196,0.8893049452249799,0.8912079392153822,0.9976046656946469
251,ISIC_0014558.jpg,0.9339752197265625,0.8384905378671941,0.7218972941705765,1.0,0.7218972941705765
252,ISIC_0013456.jpg,0.99554443359375,0.0,0.0,0.0,0.0
253,ISIC_0011301.jpg,0.964324951171875,0.9314289066166119,0.8716583411099522,0.8718019106182058,0.999811106913487
254,ISIC_0010185.jpg,0.987701416015625,0.9287104192464178,0.8669088507265522,0.9376674406143954,0.9199229016996671
255,ISIC_0013758.jpg,0.5985260009765625,0.3677216254535842,0.22528119663152935,1.0,0.22528119663152935
256,ISIC_0013553.jpg,0.9742279052734375,0.9147185054279222,0.8428398622871499,0.9927663305567733,0.8480479355865556
257,ISIC_0013778.jpg,0.9653778076171875,0.881173081958628,0.7875865942707359,0.9892991533396049,0.7943536965347937
258,ISIC_0012722.jpg,0.9642791748046875,0.4195388048599058,0.2654534044556009,1.0,0.2654534044556009
